PRAGMA foreign_keys=OFF;
BEGIN TRANSACTION;
CREATE TABLE "django_migrations" ("id" integer NOT NULL PRIMARY KEY AUTOINCREMENT, "app" varchar(255) NOT NULL, "name" varchar(255) NOT NULL, "applied" datetime NOT NULL);
INSERT INTO "django_migrations" VALUES(1,'contenttypes','0001_initial','2015-08-05 21:55:24.869376');
INSERT INTO "django_migrations" VALUES(2,'auth','0001_initial','2015-08-05 21:55:25.080679');
INSERT INTO "django_migrations" VALUES(3,'admin','0001_initial','2015-08-05 21:55:25.346742');
INSERT INTO "django_migrations" VALUES(4,'contenttypes','0002_remove_content_type_name','2015-08-05 21:55:25.646961');
INSERT INTO "django_migrations" VALUES(5,'auth','0002_alter_permission_name_max_length','2015-08-05 21:55:25.902399');
INSERT INTO "django_migrations" VALUES(6,'auth','0003_alter_user_email_max_length','2015-08-05 21:55:26.191029');
INSERT INTO "django_migrations" VALUES(7,'auth','0004_alter_user_username_opts','2015-08-05 21:55:26.423799');
INSERT INTO "django_migrations" VALUES(8,'auth','0005_alter_user_last_login_null','2015-08-05 21:55:26.667647');
INSERT INTO "django_migrations" VALUES(9,'auth','0006_require_contenttypes_0002','2015-08-05 21:55:26.789734');
INSERT INTO "django_migrations" VALUES(10,'sessions','0001_initial','2015-08-05 21:55:27.021897');
INSERT INTO "django_migrations" VALUES(11,'myapp','0001_initial','2015-08-05 22:03:13.418908');
INSERT INTO "django_migrations" VALUES(12,'myapp','0002_auto_20150811_1822','2015-08-12 01:22:31.359081');
INSERT INTO "django_migrations" VALUES(13,'bucketlist','0001_initial','2015-08-12 19:12:45.523762');
INSERT INTO "django_migrations" VALUES(14,'bucketlist','0002_auto_20150812_1247','2015-08-12 19:47:51.384436');
INSERT INTO "django_migrations" VALUES(15,'bucketlist','0003_page_was_done','2015-08-12 20:02:02.104955');
INSERT INTO "django_migrations" VALUES(16,'bucketlist','0004_remove_page_url','2015-08-14 01:52:45.346707');
INSERT INTO "django_migrations" VALUES(17,'bucketlist','0005_auto_20150814_1008','2015-08-14 17:08:33.333050');
INSERT INTO "django_migrations" VALUES(18,'bucketlist','0006_auto_20150814_1423','2015-08-14 21:23:21.121162');
INSERT INTO "django_migrations" VALUES(19,'bucketlist','0007_page_likes','2015-08-15 03:05:00.331181');
INSERT INTO "django_migrations" VALUES(20,'bucketlist','0008_auto_20150814_2009','2015-08-15 03:09:08.042472');
INSERT INTO "django_migrations" VALUES(21,'bucketlist','0009_auto_20150815_1700','2015-08-16 00:00:58.867703');
INSERT INTO "django_migrations" VALUES(22,'bucketlist','0010_auto_20150815_1813','2015-08-16 01:13:18.276718');
INSERT INTO "django_migrations" VALUES(23,'bucketlist','0011_auto_20150815_1821','2015-08-16 01:21:20.124400');
INSERT INTO "django_migrations" VALUES(24,'bucketlist','0012_auto_20150815_1830','2015-08-16 01:30:32.482541');
INSERT INTO "django_migrations" VALUES(25,'bucketlist','0013_auto_20150830_1749','2015-08-31 00:50:00.596630');
INSERT INTO "django_migrations" VALUES(26,'bucketlist','0014_auto_20150830_1801','2015-08-31 01:01:33.025459');
INSERT INTO "django_migrations" VALUES(27,'bucketlist','0015_auto_20150831_1134','2015-08-31 18:34:16.816171');
INSERT INTO "django_migrations" VALUES(28,'bucketlist','0016_auto_20150831_1434','2015-08-31 21:34:08.372586');
INSERT INTO "django_migrations" VALUES(29,'bucketlist','0017_auto_20150901_1016','2015-09-01 17:16:42.158007');
INSERT INTO "django_migrations" VALUES(30,'bucketlist','0018_auto_20150903_1153','2015-09-03 19:10:35.403729');
INSERT INTO "django_migrations" VALUES(31,'bucketlist','0019_auto_20150903_1439','2015-09-03 21:50:44.502549');
INSERT INTO "django_migrations" VALUES(32,'bucketlist','0020_remove_place_location_url','2015-09-03 21:50:44.712696');
INSERT INTO "django_migrations" VALUES(33,'bucketlist','0021_auto_20150908_0908','2015-09-08 16:08:51.971179');
INSERT INTO "django_migrations" VALUES(34,'bucketlist','0022_auto_20150908_0911','2015-09-08 16:11:42.607236');
INSERT INTO "django_migrations" VALUES(35,'bucketlist','0023_auto_20150911_1236','2015-09-11 19:36:17.484421');
INSERT INTO "django_migrations" VALUES(36,'bucketlist','0024_userprofile','2015-09-24 21:01:34.762713');
INSERT INTO "django_migrations" VALUES(37,'bucketlist','0025_auto_20150925_1331','2015-09-25 20:31:43.893327');
CREATE TABLE "auth_group" ("id" integer NOT NULL PRIMARY KEY AUTOINCREMENT, "name" varchar(80) NOT NULL UNIQUE);
CREATE TABLE "auth_group_permissions" ("id" integer NOT NULL PRIMARY KEY AUTOINCREMENT, "group_id" integer NOT NULL REFERENCES "auth_group" ("id"), "permission_id" integer NOT NULL REFERENCES "auth_permission" ("id"), UNIQUE ("group_id", "permission_id"));
CREATE TABLE "auth_user_groups" ("id" integer NOT NULL PRIMARY KEY AUTOINCREMENT, "user_id" integer NOT NULL REFERENCES "auth_user" ("id"), "group_id" integer NOT NULL REFERENCES "auth_group" ("id"), UNIQUE ("user_id", "group_id"));
CREATE TABLE "auth_user_user_permissions" ("id" integer NOT NULL PRIMARY KEY AUTOINCREMENT, "user_id" integer NOT NULL REFERENCES "auth_user" ("id"), "permission_id" integer NOT NULL REFERENCES "auth_permission" ("id"), UNIQUE ("user_id", "permission_id"));
CREATE TABLE "django_admin_log" ("id" integer NOT NULL PRIMARY KEY AUTOINCREMENT, "action_time" datetime NOT NULL, "object_id" text NULL, "object_repr" varchar(200) NOT NULL, "action_flag" smallint unsigned NOT NULL, "change_message" text NOT NULL, "content_type_id" integer NULL REFERENCES "django_content_type" ("id"), "user_id" integer NOT NULL REFERENCES "auth_user" ("id"));
INSERT INTO "django_admin_log" VALUES(1,'2015-08-10 22:41:13.131237','1','whats new',2,'Added choice "test1". Added choice "test2". Added choice "test3".',7,1);
INSERT INTO "django_admin_log" VALUES(2,'2015-08-11 00:44:58.919983','2','item 2',1,'',7,1);
INSERT INTO "django_admin_log" VALUES(3,'2015-08-12 01:31:44.817425','1','Author object',1,'',9,1);
INSERT INTO "django_admin_log" VALUES(4,'2015-08-12 01:32:08.959034','1','Author object',2,'No fields changed.',9,1);
INSERT INTO "django_admin_log" VALUES(5,'2015-08-12 02:13:32.153954','1','Author object',2,'Changed name.',9,1);
INSERT INTO "django_admin_log" VALUES(6,'2015-08-12 19:27:24.649499','1','Category object',1,'',12,1);
INSERT INTO "django_admin_log" VALUES(7,'2015-08-12 19:41:05.142688','1','Category object',2,'Changed name.',12,1);
INSERT INTO "django_admin_log" VALUES(8,'2015-08-12 19:48:48.052268','1','South Africa',1,'',13,1);
INSERT INTO "django_admin_log" VALUES(9,'2015-08-12 20:03:10.800767','1','South Africa',2,'Changed was_done.',13,1);
INSERT INTO "django_admin_log" VALUES(10,'2015-08-12 20:30:18.292969','1','travel',2,'Changed name.',12,1);
INSERT INTO "django_admin_log" VALUES(11,'2015-08-14 17:10:15.556986','1','South Africa',2,'No fields changed.',13,1);
INSERT INTO "django_admin_log" VALUES(12,'2015-08-14 17:10:31.217331','4','fda',2,'Changed category.',13,1);
INSERT INTO "django_admin_log" VALUES(13,'2015-08-14 17:10:40.679793','3','fda',2,'Changed category.',13,1);
INSERT INTO "django_admin_log" VALUES(14,'2015-08-16 00:26:06.577387','27','cordoba',2,'Changed was_done.',13,1);
INSERT INTO "django_admin_log" VALUES(15,'2015-08-16 01:30:54.685910','35','africa2',1,'',13,1);
INSERT INTO "django_admin_log" VALUES(16,'2015-08-31 19:12:44.919454','16','fdafdsa',3,'',12,1);
INSERT INTO "django_admin_log" VALUES(17,'2015-08-31 19:12:49.760124','15','fda',3,'',12,1);
INSERT INTO "django_admin_log" VALUES(18,'2015-08-31 19:12:58.186807','1','Europe',2,'Changed name.',12,1);
INSERT INTO "django_admin_log" VALUES(19,'2015-08-31 19:13:59.171160','14','fdsa',3,'',14,1);
INSERT INTO "django_admin_log" VALUES(20,'2015-08-31 19:13:59.330272','13','fdsa',3,'',14,1);
INSERT INTO "django_admin_log" VALUES(21,'2015-08-31 19:13:59.452358','12','fdsa',3,'',14,1);
INSERT INTO "django_admin_log" VALUES(22,'2015-08-31 19:13:59.606467','11','fdsa',3,'',14,1);
INSERT INTO "django_admin_log" VALUES(23,'2015-08-31 19:13:59.750569','10','fdsa',3,'',14,1);
INSERT INTO "django_admin_log" VALUES(24,'2015-08-31 19:13:59.873657','9','fdsa',3,'',14,1);
INSERT INTO "django_admin_log" VALUES(25,'2015-08-31 19:14:00.162873','8','fdsa',3,'',14,1);
INSERT INTO "django_admin_log" VALUES(26,'2015-08-31 19:14:00.398029','7','fdsa',3,'',14,1);
INSERT INTO "django_admin_log" VALUES(27,'2015-08-31 19:14:00.550136','6','fdsa',3,'',14,1);
INSERT INTO "django_admin_log" VALUES(28,'2015-08-31 19:14:00.684250','5','fdsa',3,'',14,1);
INSERT INTO "django_admin_log" VALUES(29,'2015-08-31 19:14:00.827333','4','fdsa',3,'',14,1);
INSERT INTO "django_admin_log" VALUES(30,'2015-08-31 19:14:00.972454','3','fdsa',3,'',14,1);
INSERT INTO "django_admin_log" VALUES(31,'2015-08-31 19:14:01.104531','2','dfdsa',3,'',14,1);
INSERT INTO "django_admin_log" VALUES(32,'2015-08-31 19:14:01.238624','1','yahoo',3,'',14,1);
INSERT INTO "django_admin_log" VALUES(33,'2015-08-31 21:36:00.893445','1','Zagreb Cathedral',1,'',14,1);
INSERT INTO "django_admin_log" VALUES(34,'2015-08-31 21:36:06.401807','1','Zagreb Cathedral',2,'No fields changed.',14,1);
INSERT INTO "django_admin_log" VALUES(35,'2015-08-31 21:37:29.835833','41','Zagreb',2,'Changed notes.',13,1);
INSERT INTO "django_admin_log" VALUES(36,'2015-08-31 21:42:40.334088','41','Zagreb',2,'Changed notes.',13,1);
INSERT INTO "django_admin_log" VALUES(37,'2015-08-31 22:08:51.187325','2','Restoran Agava',1,'',14,1);
INSERT INTO "django_admin_log" VALUES(38,'2015-09-01 00:40:40.257751','3','Pod starim krovovima',1,'',14,1);
INSERT INTO "django_admin_log" VALUES(39,'2015-09-01 00:41:09.656903','4','Bistro Fotić',1,'',14,1);
INSERT INTO "django_admin_log" VALUES(40,'2015-09-01 00:44:27.915360','5','Melin Cafe',1,'',14,1);
INSERT INTO "django_admin_log" VALUES(41,'2015-09-01 00:45:19.205537','4','Bistro Fotić',2,'Changed notes.',14,1);
INSERT INTO "django_admin_log" VALUES(42,'2015-09-01 00:46:08.091079','3','Pod starim krovovima',2,'Changed notes.',14,1);
INSERT INTO "django_admin_log" VALUES(43,'2015-09-01 00:47:07.743260','5','Melin Cafe',2,'Changed notes.',14,1);
INSERT INTO "django_admin_log" VALUES(44,'2015-09-01 00:51:23.274119','6','Upper Town (Gornji Grad)',1,'',14,1);
INSERT INTO "django_admin_log" VALUES(45,'2015-09-01 00:53:18.436661','6','Upper Town (Gornji Grad)',2,'Changed address.',14,1);
INSERT INTO "django_admin_log" VALUES(46,'2015-09-01 00:56:43.764085','7','Tkalciceva',1,'',14,1);
INSERT INTO "django_admin_log" VALUES(47,'2015-09-01 00:56:57.239961','6','Upper Town (Gornji Grad)',2,'Changed address.',14,1);
INSERT INTO "django_admin_log" VALUES(48,'2015-09-01 00:58:25.372458','7','Tkalciceva',2,'Changed address and notes.',14,1);
INSERT INTO "django_admin_log" VALUES(49,'2015-09-01 01:09:30.049108','42','Joshua Tree National Park',1,'',13,1);
INSERT INTO "django_admin_log" VALUES(50,'2015-09-01 15:47:35.561751','8','Hidden Valley',1,'',14,1);
INSERT INTO "django_admin_log" VALUES(51,'2015-09-01 15:48:10.824771','8','Hidden Valley',2,'Changed address.',14,1);
INSERT INTO "django_admin_log" VALUES(52,'2015-09-01 15:48:29.217947','8','Hidden Valley',2,'Changed address.',14,1);
INSERT INTO "django_admin_log" VALUES(53,'2015-09-01 15:49:14.528187','8','Hidden Valley',2,'Changed address.',14,1);
INSERT INTO "django_admin_log" VALUES(54,'2015-09-01 15:49:45.586809','8','Hidden Valley',2,'Changed address.',14,1);
INSERT INTO "django_admin_log" VALUES(55,'2015-09-01 15:50:38.291406','8','Hidden Valley',2,'Changed address.',14,1);
INSERT INTO "django_admin_log" VALUES(56,'2015-09-01 15:52:09.424928','9','Keys View',1,'',14,1);
INSERT INTO "django_admin_log" VALUES(57,'2015-09-01 15:53:50.659101','10','Ryan Mountain',1,'',14,1);
INSERT INTO "django_admin_log" VALUES(58,'2015-09-01 15:59:21.791187','11',' The Ritz-Carlton, Rancho Mirage',1,'',14,1);
INSERT INTO "django_admin_log" VALUES(59,'2015-09-01 17:03:03.898957','43','Barcelona',1,'',13,1);
INSERT INTO "django_admin_log" VALUES(60,'2015-09-01 17:25:16.452652','43','Barcelona',2,'Changed years_visted and picture_link.',13,1);
INSERT INTO "django_admin_log" VALUES(61,'2015-09-01 17:25:38.458022','43','Barcelona',2,'No fields changed.',13,1);
INSERT INTO "django_admin_log" VALUES(62,'2015-09-01 17:35:36.401383','43','Barcelona',2,'No fields changed.',13,1);
INSERT INTO "django_admin_log" VALUES(63,'2015-09-02 23:24:27.340415','44','Phoenix',1,'',13,1);
INSERT INTO "django_admin_log" VALUES(64,'2015-09-02 23:25:33.075685','44','Phoenix',2,'No fields changed.',13,1);
INSERT INTO "django_admin_log" VALUES(65,'2015-09-02 23:32:59.754373','12','Sanctuary on Camelback Mountain ',1,'',14,1);
INSERT INTO "django_admin_log" VALUES(66,'2015-09-02 23:50:44.155700','45','Antelope Canyon / Zion National Park',1,'',13,1);
INSERT INTO "django_admin_log" VALUES(67,'2015-09-02 23:51:42.928862','45','Antelope Canyon, Zion National Park',2,'Changed name.',13,1);
INSERT INTO "django_admin_log" VALUES(68,'2015-09-02 23:52:07.089740','45','Zion National Park',2,'Changed name.',13,1);
INSERT INTO "django_admin_log" VALUES(69,'2015-09-02 23:54:22.119209','46','Reykjavik',1,'',13,1);
INSERT INTO "django_admin_log" VALUES(70,'2015-09-02 23:55:52.650999','47','Prague',1,'',13,1);
INSERT INTO "django_admin_log" VALUES(71,'2015-09-02 23:56:28.028072','48','Cape Town',1,'',13,1);
INSERT INTO "django_admin_log" VALUES(72,'2015-09-02 23:56:51.422804','49','Munich',1,'',13,1);
INSERT INTO "django_admin_log" VALUES(73,'2015-09-02 23:57:19.891977','50','Madrid',1,'',13,1);
INSERT INTO "django_admin_log" VALUES(74,'2015-09-02 23:58:03.320030','51','Big Island',1,'',13,1);
INSERT INTO "django_admin_log" VALUES(75,'2015-09-02 23:58:23.804124','52','Grand Canyon',1,'',13,1);
INSERT INTO "django_admin_log" VALUES(76,'2015-09-02 23:59:19.649528','53','Galapagos',1,'',13,1);
INSERT INTO "django_admin_log" VALUES(77,'2015-09-02 23:59:54.914597','54','Machu Picchu',1,'',13,1);
INSERT INTO "django_admin_log" VALUES(78,'2015-09-03 00:00:58.188712','55','Vieques',1,'',13,1);
INSERT INTO "django_admin_log" VALUES(79,'2015-09-03 00:01:32.175509','56','Patagonia',1,'',13,1);
INSERT INTO "django_admin_log" VALUES(80,'2015-09-03 00:02:03.711196','56','Patagonia',2,'Changed picture_link.',13,1);
INSERT INTO "django_admin_log" VALUES(81,'2015-09-03 00:02:17.678707','54','Machu Picchu',2,'Changed picture_link.',13,1);
INSERT INTO "django_admin_log" VALUES(82,'2015-09-03 00:02:40.503409','52','Grand Canyon',2,'Changed picture_link.',13,1);
INSERT INTO "django_admin_log" VALUES(83,'2015-09-03 00:03:00.226311','51','Big Island',2,'Changed picture_link.',13,1);
INSERT INTO "django_admin_log" VALUES(84,'2015-09-03 00:08:32.303863','49','Munich',2,'Changed picture_link.',13,1);
INSERT INTO "django_admin_log" VALUES(85,'2015-09-03 00:16:40.303899','57','Tokyo, Kyoto',1,'',13,1);
INSERT INTO "django_admin_log" VALUES(86,'2015-09-03 00:17:37.134122','58','South of France',1,'',13,1);
INSERT INTO "django_admin_log" VALUES(87,'2015-09-03 00:20:10.495951','59','Victoria Falls',1,'',13,1);
INSERT INTO "django_admin_log" VALUES(88,'2015-09-03 00:20:33.635828','59','Victoria Falls',2,'Changed years_visted.',13,1);
INSERT INTO "django_admin_log" VALUES(89,'2015-09-03 19:20:52.780943','57','Tokyo, Kyoto',2,'Changed name_url.',13,1);
INSERT INTO "django_admin_log" VALUES(90,'2015-09-03 21:23:08.157156','50','Madrid',2,'Changed picture_link.',13,1);
INSERT INTO "django_admin_log" VALUES(91,'2015-09-03 21:51:28.657986','12','Sanctuary on Camelback Mountain ',2,'No fields changed.',14,1);
INSERT INTO "django_admin_log" VALUES(92,'2015-09-03 21:52:19.553922','12','Sanctuary on Camelback Mountain',2,'Changed name.',14,1);
INSERT INTO "django_admin_log" VALUES(93,'2015-09-03 22:04:53.231091','13','Sagrada Família',2,'Changed name and address.',14,1);
INSERT INTO "django_admin_log" VALUES(94,'2015-09-03 22:05:32.349997','16','Casa Batlló',3,'',14,1);
INSERT INTO "django_admin_log" VALUES(95,'2015-09-03 22:05:32.463076','15','Casa Batlló',3,'',14,1);
INSERT INTO "django_admin_log" VALUES(96,'2015-09-08 16:13:06.609284','57','Tokyo, Kyoto',2,'Changed user_id, album_id and auth_key.',13,1);
INSERT INTO "django_admin_log" VALUES(97,'2015-09-08 16:13:35.325674','57','Tokyo, Kyoto',2,'Changed years_visted.',13,1);
INSERT INTO "django_admin_log" VALUES(98,'2015-09-08 17:11:38.773118','58','Paris, South of France',2,'Changed name_url.',13,1);
INSERT INTO "django_admin_log" VALUES(99,'2015-09-23 21:09:55.845016','42','Palm Springs',3,'',13,1);
INSERT INTO "django_admin_log" VALUES(100,'2015-09-23 21:10:24.134111','44','Phoenix',3,'',13,1);
INSERT INTO "django_admin_log" VALUES(101,'2015-09-23 21:23:46.300847','41','Croatia Islands',2,'No fields changed.',13,1);
INSERT INTO "django_admin_log" VALUES(102,'2015-09-23 21:25:04.630847','7','Tkalciceva',3,'',14,1);
INSERT INTO "django_admin_log" VALUES(103,'2015-09-23 21:25:04.733921','6','Upper Town (Gornji Grad)',3,'',14,1);
INSERT INTO "django_admin_log" VALUES(104,'2015-09-23 21:25:04.801005','5','Melin Cafe',3,'',14,1);
INSERT INTO "django_admin_log" VALUES(105,'2015-09-23 21:25:04.878869','4','Bistro Fotić',3,'',14,1);
INSERT INTO "django_admin_log" VALUES(106,'2015-09-23 21:25:04.955925','3','Pod starim krovovima',3,'',14,1);
INSERT INTO "django_admin_log" VALUES(107,'2015-09-23 21:25:05.100026','2','Restoran Agava',3,'',14,1);
INSERT INTO "django_admin_log" VALUES(108,'2015-09-23 21:25:05.259140','1','Zagreb Cathedral',3,'',14,1);
INSERT INTO "django_admin_log" VALUES(109,'2015-09-23 21:27:22.955094','18','Hotel Excelsior',2,'Changed address.',14,1);
INSERT INTO "django_admin_log" VALUES(110,'2015-09-23 21:27:50.997081','19','Hotel Excelsior',3,'',14,1);
INSERT INTO "django_admin_log" VALUES(111,'2015-09-24 20:15:52.063635','78','Parma',3,'',13,1);
INSERT INTO "django_admin_log" VALUES(112,'2015-09-25 02:00:56.776298','2','daiyu',2,'Changed first_name, last_name and is_superuser.',4,1);
INSERT INTO "django_admin_log" VALUES(113,'2015-09-25 16:28:22.520770','14','Casa Batlló',2,'Changed notes.',14,1);
INSERT INTO "django_admin_log" VALUES(114,'2015-09-29 16:54:18.869001','74','Cordoba',2,'Changed picture_link, album_id and auth_key.',13,1);
INSERT INTO "django_admin_log" VALUES(115,'2015-09-29 16:55:30.240895','75','Amsterdam',2,'Changed picture_link, album_id and auth_key.',13,1);
INSERT INTO "django_admin_log" VALUES(116,'2015-09-29 16:57:26.661482','72','Italy',2,'Changed years_visted, picture_link, album_id and auth_key.',13,1);
INSERT INTO "django_admin_log" VALUES(117,'2015-09-29 17:07:30.678860','72','Italy',2,'No fields changed.',13,1);
INSERT INTO "django_admin_log" VALUES(118,'2015-09-29 17:44:17.334970','41','Croatia Islands',2,'Changed picture_link, user_id, album_id and auth_key.',13,1);
INSERT INTO "django_admin_log" VALUES(119,'2015-09-29 17:50:53.580364','41','Croatia Islands',2,'No fields changed.',13,1);
INSERT INTO "django_admin_log" VALUES(120,'2015-09-30 02:53:39.237131','75','Amsterdam',2,'Changed was_done.',13,1);
INSERT INTO "django_admin_log" VALUES(121,'2015-09-30 18:47:14.117206','81','Ho Chi Minh',2,'Changed was_done.',13,1);
CREATE TABLE "django_content_type" ("id" integer NOT NULL PRIMARY KEY AUTOINCREMENT, "app_label" varchar(100) NOT NULL, "model" varchar(100) NOT NULL, UNIQUE ("app_label", "model"));
INSERT INTO "django_content_type" VALUES(1,'admin','logentry');
INSERT INTO "django_content_type" VALUES(2,'auth','permission');
INSERT INTO "django_content_type" VALUES(3,'auth','group');
INSERT INTO "django_content_type" VALUES(4,'auth','user');
INSERT INTO "django_content_type" VALUES(5,'contenttypes','contenttype');
INSERT INTO "django_content_type" VALUES(6,'sessions','session');
INSERT INTO "django_content_type" VALUES(7,'myapp','question');
INSERT INTO "django_content_type" VALUES(8,'myapp','choice');
INSERT INTO "django_content_type" VALUES(9,'myapp','author');
INSERT INTO "django_content_type" VALUES(10,'myapp','publisher');
INSERT INTO "django_content_type" VALUES(11,'myapp','book');
INSERT INTO "django_content_type" VALUES(12,'bucketlist','category');
INSERT INTO "django_content_type" VALUES(13,'bucketlist','page');
INSERT INTO "django_content_type" VALUES(14,'bucketlist','place');
INSERT INTO "django_content_type" VALUES(15,'bucketlist','userprofile');
CREATE TABLE "auth_permission" ("id" integer NOT NULL PRIMARY KEY AUTOINCREMENT, "content_type_id" integer NOT NULL REFERENCES "django_content_type" ("id"), "codename" varchar(100) NOT NULL, "name" varchar(255) NOT NULL, UNIQUE ("content_type_id", "codename"));
INSERT INTO "auth_permission" VALUES(1,1,'add_logentry','Can add log entry');
INSERT INTO "auth_permission" VALUES(2,1,'change_logentry','Can change log entry');
INSERT INTO "auth_permission" VALUES(3,1,'delete_logentry','Can delete log entry');
INSERT INTO "auth_permission" VALUES(4,2,'add_permission','Can add permission');
INSERT INTO "auth_permission" VALUES(5,2,'change_permission','Can change permission');
INSERT INTO "auth_permission" VALUES(6,2,'delete_permission','Can delete permission');
INSERT INTO "auth_permission" VALUES(7,3,'add_group','Can add group');
INSERT INTO "auth_permission" VALUES(8,3,'change_group','Can change group');
INSERT INTO "auth_permission" VALUES(9,3,'delete_group','Can delete group');
INSERT INTO "auth_permission" VALUES(10,4,'add_user','Can add user');
INSERT INTO "auth_permission" VALUES(11,4,'change_user','Can change user');
INSERT INTO "auth_permission" VALUES(12,4,'delete_user','Can delete user');
INSERT INTO "auth_permission" VALUES(13,5,'add_contenttype','Can add content type');
INSERT INTO "auth_permission" VALUES(14,5,'change_contenttype','Can change content type');
INSERT INTO "auth_permission" VALUES(15,5,'delete_contenttype','Can delete content type');
INSERT INTO "auth_permission" VALUES(16,6,'add_session','Can add session');
INSERT INTO "auth_permission" VALUES(17,6,'change_session','Can change session');
INSERT INTO "auth_permission" VALUES(18,6,'delete_session','Can delete session');
INSERT INTO "auth_permission" VALUES(19,7,'add_question','Can add question');
INSERT INTO "auth_permission" VALUES(20,7,'change_question','Can change question');
INSERT INTO "auth_permission" VALUES(21,7,'delete_question','Can delete question');
INSERT INTO "auth_permission" VALUES(22,8,'add_choice','Can add choice');
INSERT INTO "auth_permission" VALUES(23,8,'change_choice','Can change choice');
INSERT INTO "auth_permission" VALUES(24,8,'delete_choice','Can delete choice');
INSERT INTO "auth_permission" VALUES(25,9,'add_author','Can add author');
INSERT INTO "auth_permission" VALUES(26,9,'change_author','Can change author');
INSERT INTO "auth_permission" VALUES(27,9,'delete_author','Can delete author');
INSERT INTO "auth_permission" VALUES(28,10,'add_publisher','Can add publisher');
INSERT INTO "auth_permission" VALUES(29,10,'change_publisher','Can change publisher');
INSERT INTO "auth_permission" VALUES(30,10,'delete_publisher','Can delete publisher');
INSERT INTO "auth_permission" VALUES(31,11,'add_book','Can add book');
INSERT INTO "auth_permission" VALUES(32,11,'change_book','Can change book');
INSERT INTO "auth_permission" VALUES(33,11,'delete_book','Can delete book');
INSERT INTO "auth_permission" VALUES(34,12,'add_category','Can add category');
INSERT INTO "auth_permission" VALUES(35,12,'change_category','Can change category');
INSERT INTO "auth_permission" VALUES(36,12,'delete_category','Can delete category');
INSERT INTO "auth_permission" VALUES(37,13,'add_page','Can add page');
INSERT INTO "auth_permission" VALUES(38,13,'change_page','Can change page');
INSERT INTO "auth_permission" VALUES(39,13,'delete_page','Can delete page');
INSERT INTO "auth_permission" VALUES(40,14,'add_place','Can add place');
INSERT INTO "auth_permission" VALUES(41,14,'change_place','Can change place');
INSERT INTO "auth_permission" VALUES(42,14,'delete_place','Can delete place');
INSERT INTO "auth_permission" VALUES(43,15,'add_userprofile','Can add user profile');
INSERT INTO "auth_permission" VALUES(44,15,'change_userprofile','Can change user profile');
INSERT INTO "auth_permission" VALUES(45,15,'delete_userprofile','Can delete user profile');
INSERT INTO "auth_permission" VALUES(46,12,'read_category','Can read Category');
CREATE TABLE "auth_user" ("id" integer NOT NULL PRIMARY KEY AUTOINCREMENT, "password" varchar(128) NOT NULL, "is_superuser" bool NOT NULL, "username" varchar(30) NOT NULL UNIQUE, "first_name" varchar(30) NOT NULL, "last_name" varchar(30) NOT NULL, "email" varchar(254) NOT NULL, "is_staff" bool NOT NULL, "is_active" bool NOT NULL, "date_joined" datetime NOT NULL, "last_login" datetime NULL);
INSERT INTO "auth_user" VALUES(1,'pbkdf2_sha256$20000$9BxM1LUP4Sbc$+30LRDNwjV06yLxoMaiAj3t3ClIhT3j099p4yhCK8ZI=',1,'admin','','','lfeyao@gmail.com',1,1,'2015-08-05 22:26:48.176127','2015-09-29 16:52:46.977841');
INSERT INTO "auth_user" VALUES(2,'pbkdf2_sha256$20000$IDuaJjd6LEsH$Br+cY6vbsM4EYeKfvdp+WTpMM1hqKaG5BNhpKABGPiw=',1,'daiyu','Dai','Yu','lfeyao@gmail.com',0,1,'2015-09-24 21:12:15','2015-10-02 15:59:20.879393');
INSERT INTO "auth_user" VALUES(3,'pbkdf2_sha256$20000$VvkWizjfacpt$1ffUWy11vX89MF4zxjtmbH81dXgeYMzA7vtovt21LSg=',0,'guest','','','',0,1,'2015-09-25 02:01:42.339032','2015-10-01 22:04:07.315362');
CREATE TABLE "django_session" ("session_key" varchar(40) NOT NULL PRIMARY KEY, "session_data" text NOT NULL, "expire_date" datetime NOT NULL);
INSERT INTO "django_session" VALUES('uk7cxd52hymgbscxz7q5ig5d1l4tq277','MDM0NTQ2NzFkNGE5ODk0MWNiYzQwZTViNzI2YTNkYjBiOWY3MzI2ODp7Il9hdXRoX3VzZXJfaWQiOiIxIiwiX2F1dGhfdXNlcl9iYWNrZW5kIjoiZGphbmdvLmNvbnRyaWIuYXV0aC5iYWNrZW5kcy5Nb2RlbEJhY2tlbmQiLCJfYXV0aF91c2VyX2hhc2giOiJkZDM3NDdhNzY5ZTYxMjQ5MGM5NzM1MmU5YWY2NjRmNmE5YThkNGZhIn0=','2015-08-19 22:29:56.228420');
INSERT INTO "django_session" VALUES('d4906lxw2v5v7hl1nih3yt2g2ku1z1uj','NmZlNTYzNzlhNmUwOTViODJiOTlmNjA5N2FkZTI3OGJmZGJjMmIyZTp7Il9hdXRoX3VzZXJfYmFja2VuZCI6ImRqYW5nby5jb250cmliLmF1dGguYmFja2VuZHMuTW9kZWxCYWNrZW5kIiwiX2F1dGhfdXNlcl9oYXNoIjoiZGQzNzQ3YTc2OWU2MTI0OTBjOTczNTJlOWFmNjY0ZjZhOWE4ZDRmYSIsIl9hdXRoX3VzZXJfaWQiOiIxIn0=','2015-09-14 19:11:54.722618');
INSERT INTO "django_session" VALUES('jqdf2nca0t2eey24zwlic4odterj86d4','ZDhjZmJjMTE0OThhZDM3YzgzYzM4NDMxYjkxYWM1NTYyODRlZGIwMjp7Il9hdXRoX3VzZXJfaGFzaCI6ImQ1OGNmYWNhMTU4YzkxMTI3YzVjMWExN2QxZjJkOTUxOWNjODFhY2QiLCJfYXV0aF91c2VyX2JhY2tlbmQiOiJkamFuZ28uY29udHJpYi5hdXRoLmJhY2tlbmRzLk1vZGVsQmFja2VuZCIsIl9hdXRoX3VzZXJfaWQiOiIyIn0=','2015-10-16 15:59:20.990471');
CREATE TABLE "myapp_question" ("id" integer NOT NULL PRIMARY KEY AUTOINCREMENT, "question_text" varchar(200) NOT NULL, "pub_date" datetime NOT NULL);
INSERT INTO "myapp_question" VALUES(1,'whats new','2015-08-05 22:05:44');
INSERT INTO "myapp_question" VALUES(2,'item 2','2015-08-11 00:44:57');
INSERT INTO "myapp_question" VALUES(3,'What''s new?','2015-08-11 18:08:08.857802');
INSERT INTO "myapp_question" VALUES(4,'What''s new?','2015-08-11 18:08:21.798112');
INSERT INTO "myapp_question" VALUES(5,'What''s new?','2015-08-11 18:08:29.849459');
INSERT INTO "myapp_question" VALUES(6,'What''s new?','2015-08-11 18:10:25.883888');
INSERT INTO "myapp_question" VALUES(7,'What''s new?','2015-08-11 18:10:28.105650');
INSERT INTO "myapp_question" VALUES(8,'What''s new?','2015-08-11 18:10:30.065228');
INSERT INTO "myapp_question" VALUES(9,'What''s new?','2015-08-11 18:11:30.952498');
INSERT INTO "myapp_question" VALUES(10,'What''s new?','2015-08-11 18:16:15.852732');
INSERT INTO "myapp_question" VALUES(11,'What''s new?','2015-08-11 18:17:23.914776');
CREATE TABLE "myapp_choice" ("id" integer NOT NULL PRIMARY KEY AUTOINCREMENT, "choice_text" varchar(200) NOT NULL, "votes" integer NOT NULL, "question_id" integer NOT NULL REFERENCES "myapp_question" ("id"));
INSERT INTO "myapp_choice" VALUES(1,'test1',5,1);
INSERT INTO "myapp_choice" VALUES(2,'test2',1,1);
INSERT INTO "myapp_choice" VALUES(3,'test3',0,1);
CREATE TABLE "myapp_author" ("id" integer NOT NULL PRIMARY KEY AUTOINCREMENT, "name" varchar(200) NOT NULL);
INSERT INTO "myapp_author" VALUES(1,'dan');
CREATE TABLE "myapp_book_authors" ("id" integer NOT NULL PRIMARY KEY AUTOINCREMENT, "book_id" integer NOT NULL REFERENCES "myapp_book" ("id"), "author_id" integer NOT NULL REFERENCES "myapp_author" ("id"), UNIQUE ("book_id", "author_id"));
CREATE TABLE "myapp_publisher" ("id" integer NOT NULL PRIMARY KEY AUTOINCREMENT, "name" varchar(30) NOT NULL, "address" varchar(50) NOT NULL, "city" varchar(60) NOT NULL, "state_province" varchar(30) NOT NULL, "country" varchar(50) NOT NULL, "website" varchar(200) NOT NULL);
CREATE TABLE "myapp_book" ("id" integer NOT NULL PRIMARY KEY AUTOINCREMENT, "title" varchar(100) NOT NULL, "publication_date" date NOT NULL, "publisher_id" integer NOT NULL REFERENCES "myapp_publisher" ("id"));
CREATE TABLE "bucketlist_category" ("id" integer NOT NULL PRIMARY KEY AUTOINCREMENT, "name" varchar(128) NOT NULL UNIQUE, "name_url" varchar(128) NULL);
INSERT INTO "bucketlist_category" VALUES(1,'Europe','Europe');
INSERT INTO "bucketlist_category" VALUES(2,'Asia','Asia');
INSERT INTO "bucketlist_category" VALUES(14,'North America','North_America');
INSERT INTO "bucketlist_category" VALUES(17,'South America','South_America');
INSERT INTO "bucketlist_category" VALUES(18,'Africa','Africa');
CREATE TABLE "bucketlist_page" ("id" integer NOT NULL PRIMARY KEY AUTOINCREMENT, "name" varchar(128) NOT NULL, "category_id" integer NOT NULL REFERENCES "bucketlist_category" ("id"), "was_done" bool NOT NULL, "date_added" datetime NOT NULL, "likes" integer NOT NULL, "notes" text NOT NULL, "country" varchar(128) NULL, "picture_link" varchar(200) NULL, "years_visted" varchar(200) NULL, "category_url" varchar(128) NULL, "album_id" varchar(128) NULL, "user_id" varchar(128) NULL, "auth_key" varchar(128) NULL, "name_url" varchar(128) NULL);
INSERT INTO "bucketlist_page" VALUES(41,'Croatia Islands',1,1,'2015-09-23 21:25:11',0,'Day 1: Dubrovnik
Day 2: Korcula
Day 3: Hvar
Day 4: Hvar
Day 5: Split/Zagreb','Croatia','https://photos.google.com/album/AF1QipNH04g3v8Tjta6lpmQtI-qjz3ZS3k3rQHkucjHq','2015','Europe','6199951031888327009','114388032679125757664','Gv1sRgCPD2gYGVmrW6qAE','Croatia_Islands');
INSERT INTO "bucketlist_page" VALUES(43,'Barcelona',1,1,'2015-09-25 20:30:11.643510',0,'','Spain','https://photos.google.com/album/AF1QipMY0GlNYetWVb5WlCAjdeMIR5iFQo_GtsNNtya1','2014','Europe','6156202951722218273','114388032679125757664','Gv1sRgCN6x6bT63MCmFg','Barcelona');
INSERT INTO "bucketlist_page" VALUES(45,'Zion National Park',14,1,'2015-09-08 17:04:32.134861',0,'','Utah','https://photos.google.com/album/AF1QipMoiqANru5-ZxfJCF-v_gnUEsfg8QAMteMhMKm_','2015','North_America','6156194977092206033','114388032679125757664','Gv1sRgCPKa7831vZPvHg','Zion_National_Park');
INSERT INTO "bucketlist_page" VALUES(46,'Reykjavik',1,1,'2015-09-11 17:24:46.965973',0,'','Iceland','https://photos.google.com/album/AF1QipPyNVGrS-i7U9lcAmi5DKUFDbO7pWHB1l4I_9GQ','2009','Europe','6193306810015873969','114388032679125757664','Gv1sRgCKXpmNeF9PaztQE','Reykjavik');
INSERT INTO "bucketlist_page" VALUES(47,'Prague',1,1,'2015-09-11 17:31:43.115383',0,'','Czech Republic','https://photos.google.com/album/AF1QipOYHAa8dYwyPaKUqk5shjFnzB9eY-lf9JpAWa0r','2009','Europe','6192197038817776609','114388032679125757664','Gv1sRgCKXnlKuM0MqJew','Prague');
INSERT INTO "bucketlist_page" VALUES(48,'Cape Town',18,1,'2015-09-11 17:40:44.754510',0,'','South Africa','https://photos.google.com/album/AF1QipP7ddpLi_ORyazuKBjb9nlQmcJcf7Q-N4TD646U','2010','Africa','5480215619946709441','114388032679125757664','Gv1sRgCIvFyaq2wLGlUQ','Cape_Town');
INSERT INTO "bucketlist_page" VALUES(49,'Munich',1,1,'2015-09-08 16:49:22.671338',0,'','Germany','https://photos.google.com/album/AF1QipOE9eTGaHrb56YJHaZMaYrhha_Rt1_9US3zgzVz','2010','Europe','6190073489947700097','114388032679125757664','Gv1sRgCOP_yIH2qdP4_AE','Munich');
INSERT INTO "bucketlist_page" VALUES(50,'Madrid',1,1,'2015-09-23 21:07:47.347357',0,'','Spain','https://photos.google.com/album/AF1QipMr3sbV1zPOut68S1O0i8CBCKrMeEJQKa9njqiF','2010,2015','Europe','5549606970914228145','114388032679125757664','Gv1sRgCPrMuPXNwM3MjgE','Madrid');
INSERT INTO "bucketlist_page" VALUES(51,'Hawaii',14,1,'2015-09-23 20:56:22.715274',0,'','United States','https://photos.google.com/album/AF1QipMbTcx_pQfJh8NBB33M1KUMR1VpL1Wi9W9pO_gV','2011','North_America','','','','Hawaii');
INSERT INTO "bucketlist_page" VALUES(52,'Grand Canyon',14,1,'2015-09-02 23:58:06',0,'','Utah','https://photos.google.com/album/AF1QipPcaIf9YyBKCJ_rdQwkJ1wjw01NwJDQttjeh_EI','2011','North_America',NULL,NULL,NULL,'Grand_Canyon');
INSERT INTO "bucketlist_page" VALUES(53,'Galapagos',17,1,'2015-09-24 18:53:00.021786',0,'','Ecuador','https://photos.google.com/album/AF1QipM0K26FqpS2-OJgpVHD5DxXevmhHzEbcufxfKNW','2012','South_America','6197900939505517153','114388032679125757664','Gv1sRgCMyB0MClyY-saA','Galapagos');
INSERT INTO "bucketlist_page" VALUES(54,'Machu Picchu',17,1,'2015-09-25 22:48:07.093714',0,'Some random Notes','Ecuador','https://photos.google.com/album/AF1QipN-hJE__N52u8E1ka6D_53S4nZy0o5XA9pTzIJU','2012','South_America','6156224368667529041','114388032679125757664','Gv1sRgCMyP98njqNG14wE','Machu_Picchu');
INSERT INTO "bucketlist_page" VALUES(55,'Vieques',14,1,'2015-09-24 19:18:59.095076',0,'','Puerto Rico','https://photos.google.com/album/AF1QipO589VwWux4hSDxdZxU936QwrloAcDp87kLIsSt','2012','North_America','6197839867148426017','114388032679125757664','Gv1sRgCJjJ9O6d-MnsQg','Vieques');
INSERT INTO "bucketlist_page" VALUES(56,'Patagonia',17,1,'2015-09-23 20:48:01.649474',0,'Torres del Paine','Argentina','https://photos.google.com/album/AF1QipNOtmDfUs8RLFibOh5ynyqAD0qHPFK7PIlyr4Nh','2013','South_America','5832790536594148769','114388032679125757664','Gv1sRgCKL0sqKd6Oqk4QE','Patagonia');
INSERT INTO "bucketlist_page" VALUES(57,'Japan',2,1,'2015-09-23 20:12:16.415727',0,'Tokyo
Kyoto','Japan','https://photos.google.com/album/AF1QipMyIFuQDBlF9yl0bDFkBzZovECte9xqAdFG1HQM','2014','Asia','6156209029096385633','114388032679125757664','Gv1sRgCMaiieTux7WH_QE','Japan');
INSERT INTO "bucketlist_page" VALUES(58,'Paris',1,1,'2015-09-23 21:04:09.369227',0,'','France','https://photos.google.com/album/AF1QipP94iv-e-9IZrlKHc_OCFmsVpQLo050ugt8Wr2z','2013','Europe','5901030705014173713','114388032679125757664','Gv1sRgCIP41qvY2dGQhAE','Paris');
INSERT INTO "bucketlist_page" VALUES(59,'Victoria Falls',18,1,'2015-09-24 19:21:00.623088',0,'','Zimbabwe','https://photos.google.com/album/AF1QipOy_ghC9AvnXdu3cxmLqH2gme22_DaQgeiu1ZH5','2010','Africa','6198077492633013297','114388032679125757664','Gv1sRgCNbMup_d-oqqSQ','Victoria_Falls');
INSERT INTO "bucketlist_page" VALUES(60,'Aruba',17,1,'2015-09-23 21:33:04.594407',0,'','Aruba','','2007,2009','South_America','','114388032679125757664','','Aruba');
INSERT INTO "bucketlist_page" VALUES(61,'Bermuda',14,1,'2015-09-11 19:39:09.588058',0,'','Bermuda','','2004','North_America','','114388032679125757664','','Bermuda');
INSERT INTO "bucketlist_page" VALUES(62,'Majorca',1,1,'2015-09-24 19:03:30.046846',0,'','Spain','https://photos.google.com/album/AF1QipM8av3APWgdWx0bJS_mFnSxbIVnIi4V2lsBd_et','2014','Europe','6197922854582415137','114388032679125757664','Gv1sRgCJyYq-rN-LqO2wE','Majorca');
INSERT INTO "bucketlist_page" VALUES(63,'Thornybush Game Reserve',18,1,'2015-09-24 19:15:47.745251',0,'','South Africa','https://photos.google.com/album/AF1QipNXWpajWr_iwa_EizhCaPUpnDZs1sR7saZ6sgAZ','2010','Africa','6198075367855802401','114388032679125757664','Gv1sRgCLf5guXJjbm0Pw','Thornybush_Game_Reserve');
INSERT INTO "bucketlist_page" VALUES(64,'哈尔滨',2,1,'2015-09-23 20:32:28.073367',0,'','China','','2005,2015','Asia','','114388032679125757664','','哈尔滨');
INSERT INTO "bucketlist_page" VALUES(65,'九寨沟',2,1,'2015-09-24 19:05:17.405844',0,'','China','https://photos.google.com/album/AF1QipPTYkrZkKdvSCKOcQ1feEb-9YOfx5noIRbfQ1aP','2014','Asia','6197921406750475409','114388032679125757664','Gv1sRgCNL_1tb9vM3_JA','九寨沟');
INSERT INTO "bucketlist_page" VALUES(66,'北京',2,1,'2015-09-24 19:43:33.191513',0,'','China','https://photos.google.com/album/AF1QipNIK1J5L0J8DCuh5BEGROf01JM6JYBU65hFXso1','2008,2014,2015','Asia','6198167760835673825','114388032679125757664','Gv1sRgCNL_0_afy5yDpwE','北京');
INSERT INTO "bucketlist_page" VALUES(67,'广州',2,1,'2015-09-23 20:42:15.567983',0,'','China','','2014','Asia','','114388032679125757664','','广州');
INSERT INTO "bucketlist_page" VALUES(69,'South of France',1,1,'2015-09-24 19:11:26.078339',0,'','France','https://photos.google.com/album/AF1QipN8qdpUzm4lWnGmsFe8OTBpCsRXSvl2rd8bUtWH','2013','Europe','6197818461894330625','114388032679125757664','Gv1sRgCPe_2aHtnu_RwAE','South_of_France');
INSERT INTO "bucketlist_page" VALUES(70,'London',1,1,'2015-09-23 21:07:16.703454',0,'','London','','2010','Europe','','114388032679125757664','','London');
INSERT INTO "bucketlist_page" VALUES(72,'Italy',1,1,'2015-09-29 16:50:32',0,'Milan
Lake Como
Torino
Parma','Italy','https://photos.google.com/album/AF1QipPMG1_VRWs96FQGBdmOaW9_ejBRmGB3A1sji8Ov','2005,2015','Europe','6199958535169123345','114388032679125757664','Gv1sRgCJrV4tXgw6vh0gE','Italy');
INSERT INTO "bucketlist_page" VALUES(74,'Cordoba',1,1,'2015-09-23 21:14:09',0,'','Spain','https://photos.google.com/album/AF1QipORXVn-lEEWryM5p0IibvTKfT-WpYz0p7rPvTX_','2015','Europe','6199956568278288577','114388032679125757664','Gv1sRgCJumvvmt9-mr3wE','Cordoba');
INSERT INTO "bucketlist_page" VALUES(75,'Amsterdam',1,1,'2015-09-25 14:14:17',0,'','Netherlands','https://photos.google.com/album/AF1QipOtEOB6x_uiMMmFrd6Tob5GqfjAMDQfjOSk3GEb','2015','Europe','6199956393473448001','114388032679125757664','Gv1sRgCN-6-an9xY61sQE','Amsterdam');
INSERT INTO "bucketlist_page" VALUES(76,'Cancun',14,1,'2015-09-23 21:37:28.056919',0,'','Mexico','','2003','North_America','','114388032679125757664','','Cancun');
INSERT INTO "bucketlist_page" VALUES(81,'Ho Chi Minh',2,0,'2015-10-01 19:47:30.687976',1,'11/5/15 - 11/12/15','Vietnam','','','Asia','','114388032679125757664','','Ho_Chi_Minh');
INSERT INTO "bucketlist_page" VALUES(85,'Florianópolis',17,0,'2015-10-02 19:38:53.838342',0,'','Brazil',NULL,NULL,'South_America',NULL,'114388032679125757664',NULL,'Florianópolis');
CREATE TABLE "bucketlist_userprofile" ("id" integer NOT NULL PRIMARY KEY AUTOINCREMENT, "website" varchar(200) NOT NULL, "picture" varchar(100) NOT NULL, "user_id" integer NOT NULL UNIQUE REFERENCES "auth_user" ("id"));
INSERT INTO "bucketlist_userprofile" VALUES(1,'','',2);
INSERT INTO "bucketlist_userprofile" VALUES(2,'','',3);
CREATE TABLE "bucketlist_place" ("id" integer NOT NULL PRIMARY KEY AUTOINCREMENT, "name" varchar(128) NOT NULL, "category" varchar(10) NOT NULL, "likes" integer NOT NULL, "location_id" integer NOT NULL REFERENCES "bucketlist_page" ("id"), "address" varchar(128) NULL, "name_url" varchar(128) NULL, "notes" text NULL);
INSERT INTO "bucketlist_place" VALUES(14,'Casa Batlló','See',0,43,'Passeig de Gràcia, 43, 08007 Barcelona, Spain','Casa_Batlló','');
INSERT INTO "bucketlist_place" VALUES(17,'Park Guell','See',1,43,'','Park_Guell','');
INSERT INTO "bucketlist_place" VALUES(18,'Hotel Excelsior','Sleep',1,41,'Ul. Frana Supila 12, 20000, Dubrovnik, Croatia','Hotel_Excelsior','Dubrovnik, 5 Min walk into Old City');
INSERT INTO "bucketlist_place" VALUES(20,'Vlaams Friteshuis Vleminckx','Eat',2,75,'Voetboogstraat 33, 1012 XK Amsterdam, Netherlands','Frites','best fries');
INSERT INTO "bucketlist_place" VALUES(23,'Dubrovnik Walls','See',1,41,'','Dubrovnik_Walls','Walk along the Old City Walls. Hot!');
INSERT INTO "bucketlist_place" VALUES(28,' Rijksmuseum','See',0,75,'Museumstraat 1, 1071 XX Amsterdam, Netherlands','_Rijksmuseum','');
INSERT INTO "bucketlist_place" VALUES(29,'Klarisa','Eat',0,41,'','Klarisa','Fresh Fish with Potatos');
INSERT INTO "bucketlist_place" VALUES(30,'PARK HYATT SAIGON','Sleep',0,81,'2 Lam Son Square, District 1 Ho Chi Minh City (Saigon), Vietnam','PARK_HYATT_SAIGON','');
INSERT INTO "bucketlist_place" VALUES(31,'Hotel Arts Barcelona','Sleep',0,43,'','Hotel_Arts_Barcelona','Good location for going out at night');
INSERT INTO "bucketlist_place" VALUES(32,'W Barcelona','Sleep',0,43,'Placa de la Rosa dels Vents, 1, 08039 Barcelona, Spain','W_Barcelona','A bit further along beach');
INSERT INTO "bucketlist_place" VALUES(33,'Mercer Hotel Barcelona','Sleep',0,43,'Calle dels Lledo 7, 08002 Barcelona, Spain','Mercer_Hotel_Barcelona','Good for exploring city');
INSERT INTO "bucketlist_place" VALUES(34,'El Celler de Can Roca','Eat',0,43,' Calle Can Sunyer, 48, 17007 Girona, Spain','El_Celler_de_Can_Roca','2 Hrs from Barca');
INSERT INTO "bucketlist_place" VALUES(35,'Sagrada Familia','See',2,43,'Barcelona','Sagrada_Familia','Buy tickets online');
INSERT INTO "bucketlist_place" VALUES(36,'12 Apostles Hotel & Spa','Sleep',1,48,'Victoria Street, Camps Bay, Cape Town, 8005, South Africa','12_Apostles_Hotel_&_Spa','Gorgeous scenery, farther away from town');
INSERT INTO "bucketlist_place" VALUES(37,'La Colombe','Eat',1,48,'Constantia Main Rd, Constantia Nek, Cape Town, 7848, South Africa','La_Colombe','bit of a drive');
INSERT INTO "bucketlist_place" VALUES(38,'Table Mountain','See',1,48,'','Table_Mountain','Gorgeous around sunset');
INSERT INTO "bucketlist_place" VALUES(39,'Lesic Dimitri','Eat',0,41,'','Lesic_Dimitri','Korcula');
INSERT INTO "bucketlist_place" VALUES(40,'Bol Island','See',0,41,'','Bol_Island','');
INSERT INTO "bucketlist_place" VALUES(41,'Amfora','Sleep',0,41,'','Amfora','Hvar - Quieter, 5 Min walk to Pier. ');
INSERT INTO "bucketlist_place" VALUES(42,'Kozantei Ubuya','Sleep',0,57,'','Kozantei_Ubuya','Kawaguchiko, Amazing View of Mt Fuji');
DELETE FROM sqlite_sequence;
INSERT INTO "sqlite_sequence" VALUES('django_migrations',37);
INSERT INTO "sqlite_sequence" VALUES('django_content_type',15);
INSERT INTO "sqlite_sequence" VALUES('auth_permission',46);
INSERT INTO "sqlite_sequence" VALUES('auth_user',3);
INSERT INTO "sqlite_sequence" VALUES('myapp_choice',3);
INSERT INTO "sqlite_sequence" VALUES('myapp_question',11);
INSERT INTO "sqlite_sequence" VALUES('django_admin_log',121);
INSERT INTO "sqlite_sequence" VALUES('myapp_book',0);
INSERT INTO "sqlite_sequence" VALUES('myapp_author',1);
INSERT INTO "sqlite_sequence" VALUES('bucketlist_category',18);
INSERT INTO "sqlite_sequence" VALUES('bucketlist_page',86);
INSERT INTO "sqlite_sequence" VALUES('bucketlist_userprofile',2);
INSERT INTO "sqlite_sequence" VALUES('bucketlist_place',42);
CREATE INDEX "auth_group_permissions_0e939a4f" ON "auth_group_permissions" ("group_id");
CREATE INDEX "auth_group_permissions_8373b171" ON "auth_group_permissions" ("permission_id");
CREATE INDEX "auth_user_groups_e8701ad4" ON "auth_user_groups" ("user_id");
CREATE INDEX "auth_user_groups_0e939a4f" ON "auth_user_groups" ("group_id");
CREATE INDEX "auth_user_user_permissions_e8701ad4" ON "auth_user_user_permissions" ("user_id");
CREATE INDEX "auth_user_user_permissions_8373b171" ON "auth_user_user_permissions" ("permission_id");
CREATE INDEX "django_admin_log_417f1b1c" ON "django_admin_log" ("content_type_id");
CREATE INDEX "django_admin_log_e8701ad4" ON "django_admin_log" ("user_id");
CREATE INDEX "auth_permission_417f1b1c" ON "auth_permission" ("content_type_id");
CREATE INDEX "django_session_de54fa62" ON "django_session" ("expire_date");
CREATE INDEX "myapp_choice_7aa0f6ee" ON "myapp_choice" ("question_id");
CREATE INDEX "myapp_book_2604cbea" ON "myapp_book" ("publisher_id");
CREATE INDEX "bucketlist_page_b583a629" ON "bucketlist_page" ("category_id");
CREATE INDEX "bucketlist_place_e274a5da" ON "bucketlist_place" ("location_id");
COMMIT;
